{
  "mlp": {
    "h1": 128,
    "dropout": 0.23883908863718745,
    "lr": 0.004258602660615545,
    "alpha": 0.7359437706161231
  },
  "transformer": {
    "emb": 64,
    "heads": 4,
    "lr": 0.0009461450381199739,
    "alpha": 0.6730256237319053
  }
}