{
  "MultiTaskMLP": {
    "MAE": 0.8734409251527009,
    "R2": 0.7836478389075172
  },
  "TransformerMTL": {
    "MAE": 0.9679484584040224,
    "R2": 0.7558119401523418
  }
}