Model,AUC,F1,Precision,Recall
XGBoost,0.6315551041851853,0.2515469851777234,0.1666031261913839,0.5132119788608338
TransformerMTL,0.6301179559168597,0.24928249282492826,0.16245101531884573,0.5355255431591309
MultiTaskMLP,0.6269657335013387,0.2475007573462587,0.1667687283119004,0.47974163241338813
LogisticRegression,0.6114856863626157,0.24202596569963136,0.16644620811287478,0.44333529066353494
